asset_id,window_id,discharge_pressure,suction_pressure,line_pressure,temperature,vibration,motor_current,flow_rate,maintenance_required
PUMP-01,PUMP-01-000,2514.2,1891.97,2344.74,78.76,2.041,109.48,104.1,0
PUMP-01,PUMP-01-001,2498.2,1954.14,2234.09,78.6,2.143,109.06,115.88,0
PUMP-01,PUMP-01-002,2500.73,1874.41,2332.09,79.97,1.997,106.4,106.37,0
PUMP-01,PUMP-01-003,2532.18,1947.62,2300.47,79.02,1.969,108.2,121.0,0
PUMP-01,PUMP-01-004,2497.22,1894.44,2270.37,78.25,2.163,107.1,113.44,1
PUMP-01,PUMP-01-005,2492.47,1962.82,2247.83,79.28,1.995,110.04,102.47,1
PUMP-01,PUMP-01-006,2470.89,1837.22,2305.14,80.0,2.113,107.95,118.26,0
PUMP-01,PUMP-01-007,2483.47,1955.91,2339.52,81.9,2.183,108.0,119.04,0
PUMP-01,PUMP-01-008,2499.59,1962.37,2254.72,78.4,2.201,110.48,108.37,0
PUMP-01,PUMP-01-009,2454.02,1906.77,2234.21,80.89,2.218,107.26,129.58,0
PUMP-01,PUMP-01-010,2464.18,1811.96,2290.86,80.29,2.117,111.85,134.17,0
PUMP-01,PUMP-01-011,2474.54,1955.69,2322.8,80.93,2.285,112.97,127.18,0
PUMP-01,PUMP-01-012,2465.0,1987.55,2209.7,81.52,2.393,111.83,113.44,0
PUMP-01,PUMP-01-013,2446.61,1913.03,2189.18,81.82,2.364,111.34,131.12,0
PUMP-01,PUMP-01-014,2448.07,1831.93,2275.13,83.94,2.21,110.15,125.41,0
PUMP-01,PUMP-01-015,2409.85,1900.9,2213.6,80.73,2.518,108.92,99.96,0
PUMP-01,PUMP-01-016,2417.0,1988.4,2268.2,83.31,2.244,111.21,121.18,0
PUMP-01,PUMP-01-017,2476.51,1965.9,2333.2,81.05,2.327,114.41,94.78,0
PUMP-01,PUMP-01-018,2444.35,1927.44,2239.89,83.37,2.322,112.37,118.67,0
PUMP-01,PUMP-01-019,2416.02,1763.88,2230.78,83.11,2.468,112.13,113.79,0
PUMP-01,PUMP-01-020,2434.52,2035.32,2251.65,83.2,2.376,113.49,98.11,0
PUMP-01,PUMP-01-021,2451.44,1825.33,2245.03,84.26,2.39,112.35,120.02,0
PUMP-01,PUMP-01-022,2474.71,1826.99,2282.0,82.34,2.178,112.21,108.13,0
PUMP-01,PUMP-01-023,2472.4,1817.3,2226.08,83.34,2.388,115.7,120.58,0
PUMP-01,PUMP-01-024,2415.91,1764.02,2219.1,81.83,2.489,110.38,126.37,0
PUMP-01,PUMP-01-025,2423.42,1821.97,2181.07,85.04,2.533,116.78,99.36,0
PUMP-01,PUMP-01-026,2431.0,1791.4,2265.79,84.51,2.432,115.24,117.69,0
PUMP-01,PUMP-01-027,2438.84,2004.55,2224.71,84.16,2.48,114.32,97.23,0
PUMP-01,PUMP-01-028,2367.48,1806.54,2199.18,85.01,2.57,116.38,110.39,0
PUMP-01,PUMP-01-029,2409.33,1808.43,2250.96,84.63,2.528,116.48,109.67,0
PUMP-01,PUMP-01-030,2377.8,1869.6,2148.13,86.01,2.575,118.82,124.06,0
PUMP-01,PUMP-01-031,2444.94,1930.35,2232.94,85.57,2.415,115.71,89.08,0
PUMP-01,PUMP-01-032,2444.05,1806.24,2252.88,80.59,2.383,122.71,95.11,0
PUMP-01,PUMP-01-033,2413.27,1927.58,2184.06,86.56,2.53,120.47,109.05,0
PUMP-01,PUMP-01-034,2401.23,1768.09,2176.02,84.1,2.3,112.73,119.33,0
PUMP-01,PUMP-01-035,2397.6,1725.41,2185.02,85.99,2.582,118.6,96.25,0
PUMP-01,PUMP-01-036,2412.04,1996.69,2187.56,84.34,2.573,120.48,125.46,0
PUMP-01,PUMP-01-037,2482.22,1924.3,2207.21,88.17,2.62,120.75,96.66,0
PUMP-01,PUMP-01-038,2411.08,1830.75,2170.81,89.08,2.739,121.36,93.58,1
PUMP-01,PUMP-01-039,2429.21,1836.5,2282.75,87.19,2.642,120.6,116.25,0
PUMP-01,PUMP-01-040,2341.16,1844.95,2179.21,90.27,2.69,119.59,100.86,0
PUMP-01,PUMP-01-041,2346.71,1734.93,2206.95,85.61,2.594,119.26,94.87,0
PUMP-01,PUMP-01-042,2360.39,1838.88,2102.55,85.04,2.89,118.65,114.26,0
PUMP-01,PUMP-01-043,2394.48,1881.95,2163.74,87.78,2.69,119.99,96.96,0
PUMP-01,PUMP-01-044,2384.08,1924.17,2194.01,88.14,3.011,120.8,93.87,1
PUMP-01,PUMP-01-045,2391.14,1965.55,2163.85,86.37,2.807,118.79,99.21,1
PUMP-01,PUMP-01-046,2449.03,1920.42,2290.71,86.93,2.524,118.21,89.27,0
PUMP-01,PUMP-01-047,2358.87,1761.93,2185.39,89.93,2.439,118.57,118.88,0
PUMP-01,PUMP-01-048,2422.31,1913.17,2268.83,86.57,3.028,119.96,103.22,0
PUMP-01,PUMP-01-049,2375.91,1912.46,2116.05,87.64,3.099,121.15,84.28,1
PUMP-01,PUMP-01-050,2353.62,1716.42,2216.56,87.94,3.088,117.57,91.18,1
PUMP-01,PUMP-01-051,2342.17,1783.32,2108.4,91.47,2.938,121.22,105.15,0
PUMP-01,PUMP-01-052,2284.23,1636.63,2095.57,91.9,3.024,116.66,110.5,0
PUMP-01,PUMP-01-053,2323.82,1849.61,2078.15,91.16,3.091,122.31,96.99,1
PUMP-01,PUMP-01-054,2401.79,1755.38,2132.02,90.25,2.962,121.16,86.54,1
PUMP-01,PUMP-01-055,2296.29,1659.34,2133.93,89.35,2.658,120.39,92.57,0
PUMP-01,PUMP-01-056,2388.77,1728.03,2172.98,92.27,3.176,121.29,99.08,1
PUMP-01,PUMP-01-057,2383.08,1926.08,2223.09,89.59,3.168,124.5,117.89,0
PUMP-01,PUMP-01-058,2329.27,1667.84,2091.27,94.53,2.912,125.45,101.51,1
PUMP-01,PUMP-01-059,2409.88,1947.56,2249.97,95.3,2.773,127.69,95.64,1
PUMP-01,PUMP-01-060,2336.86,1810.3,2141.94,95.07,3.078,122.38,102.73,1
PUMP-01,PUMP-01-061,2336.18,1875.57,2119.98,92.07,3.254,127.7,115.79,1
PUMP-01,PUMP-01-062,2348.46,1882.89,2095.75,91.42,3.06,122.64,110.36,0
PUMP-01,PUMP-01-063,2368.4,1849.02,2170.04,92.66,3.238,124.32,83.58,1
PUMP-01,PUMP-01-064,2353.03,1853.07,2176.94,88.5,2.657,125.96,118.42,0
PUMP-01,PUMP-01-065,2338.1,1898.87,2106.63,89.65,3.266,124.83,92.88,1
PUMP-01,PUMP-01-066,2331.39,1626.01,2098.92,92.38,3.219,121.17,101.18,1
PUMP-01,PUMP-01-067,2419.79,1971.04,2203.75,92.79,3.0,121.27,81.37,1
PUMP-01,PUMP-01-068,2439.18,1994.12,2261.07,90.56,3.467,125.48,107.28,1
PUMP-01,PUMP-01-069,2427.68,1842.78,2259.62,93.38,3.074,125.99,102.66,1
PUMP-01,PUMP-01-070,2330.64,1681.01,2100.95,97.08,3.312,126.52,84.36,1
PUMP-01,PUMP-01-071,2372.65,1706.48,2153.07,95.39,2.76,130.91,87.16,1
PUMP-01,PUMP-01-072,2287.8,1848.71,2133.69,97.3,3.425,121.21,111.19,1
PUMP-01,PUMP-01-073,2314.95,1718.01,2069.36,92.34,3.427,127.54,96.56,1
PUMP-01,PUMP-01-074,2267.7,1756.66,2040.48,93.32,2.801,125.72,97.25,1
PUMP-01,PUMP-01-075,2313.09,1925.97,2080.24,95.85,3.015,134.37,105.41,1
PUMP-01,PUMP-01-076,2312.61,1845.93,2137.23,89.63,3.265,123.91,114.96,1
PUMP-01,PUMP-01-077,2406.41,1900.3,2160.45,97.75,3.32,132.14,109.82,1
PUMP-01,PUMP-01-078,2379.5,1964.58,2189.93,93.46,3.142,128.9,93.66,1
PUMP-01,PUMP-01-079,2324.08,1840.06,2158.53,93.75,3.713,127.48,80.56,1
PUMP-01,PUMP-01-080,2394.54,1719.33,2133.56,91.35,3.415,134.83,87.81,1
PUMP-01,PUMP-01-081,2346.07,1747.68,2136.46,96.77,3.05,128.27,75.73,1
PUMP-01,PUMP-01-082,2201.25,1649.71,1928.27,97.91,3.695,130.15,93.5,1
PUMP-01,PUMP-01-083,2329.61,1711.16,2105.76,93.56,3.631,133.57,107.13,1
PUMP-01,PUMP-01-084,2278.73,1617.09,2097.7,90.21,3.154,125.67,100.16,1
PUMP-01,PUMP-01-085,2363.86,1668.24,2211.76,101.3,3.397,133.99,110.21,1
PUMP-01,PUMP-01-086,2320.76,1683.23,2089.75,96.26,3.508,137.69,96.8,1
PUMP-01,PUMP-01-087,2348.53,1805.75,2160.17,96.88,3.149,138.18,86.78,1
PUMP-01,PUMP-01-088,2320.14,1621.48,2139.28,91.39,4.036,129.71,87.69,1
PUMP-01,PUMP-01-089,2182.07,1650.31,2022.15,98.59,3.974,138.81,109.32,1
PUMP-02,PUMP-02-000,2339.85,1782.68,2097.48,74.4,1.459,104.46,117.6,0
PUMP-02,PUMP-02-001,2357.44,1934.5,2130.21,74.16,1.518,109.19,119.45,0
PUMP-02,PUMP-02-002,2400.6,1755.08,2200.38,73.38,1.443,107.43,105.96,0
PUMP-02,PUMP-02-003,2379.52,1738.23,2139.48,72.64,1.435,109.8,113.73,0
PUMP-02,PUMP-02-004,2371.55,1710.09,2121.92,73.41,1.441,104.9,113.03,0
PUMP-02,PUMP-02-005,2392.05,1915.94,2159.43,74.66,1.45,108.1,120.22,0
PUMP-02,PUMP-02-006,2282.91,1764.73,2054.7,76.17,1.496,106.96,105.27,0
PUMP-02,PUMP-02-007,2398.42,1868.73,2221.76,76.26,1.661,107.62,106.34,0
PUMP-02,PUMP-02-008,2344.11,1719.23,2158.71,75.7,1.498,108.3,133.79,0
PUMP-02,PUMP-02-009,2351.27,1681.45,2176.1,75.77,1.493,106.62,127.41,0
PUMP-02,PUMP-02-010,2340.08,1675.82,2149.29,74.79,1.613,106.11,106.82,0
PUMP-02,PUMP-02-011,2334.22,1838.74,2157.38,76.75,1.451,108.93,135.08,0
PUMP-02,PUMP-02-012,2345.09,1744.27,2205.7,75.56,1.511,111.84,108.72,0
PUMP-02,PUMP-02-013,2284.82,1658.47,2099.48,77.63,1.729,109.84,116.82,0
PUMP-02,PUMP-02-014,2279.4,1628.43,2064.24,76.52,1.622,109.67,111.9,0
PUMP-02,PUMP-02-015,2273.69,1769.66,2101.46,77.69,1.585,110.47,118.51,0
PUMP-02,PUMP-02-016,2347.72,1668.61,2112.92,76.21,1.646,108.87,126.13,0
PUMP-02,PUMP-02-017,2313.5,1705.98,2104.32,74.74,1.637,107.19,119.46,0
PUMP-02,PUMP-02-018,2323.01,1874.13,2149.85,75.38,1.706,110.81,131.92,0
PUMP-02,PUMP-02-019,2281.21,1737.03,2100.25,77.7,1.724,111.01,108.55,0
PUMP-02,PUMP-02-020,2353.39,1680.43,2157.31,78.03,1.734,111.18,117.53,0
PUMP-02,PUMP-02-021,2334.36,1833.6,2095.87,77.72,1.556,108.21,124.06,0
PUMP-02,PUMP-02-022,2327.76,1685.32,2142.89,77.02,1.748,114.02,113.55,0
PUMP-02,PUMP-02-023,2300.72,1836.21,2110.27,77.23,1.662,109.74,105.23,0
PUMP-02,PUMP-02-024,2328.18,1773.35,2076.5,77.62,1.788,111.72,115.88,0
PUMP-02,PUMP-02-025,2297.93,1780.02,2096.41,78.86,1.739,112.83,110.64,0
PUMP-02,PUMP-02-026,2233.54,1659.89,2039.12,78.44,1.723,111.83,118.61,0
PUMP-02,PUMP-02-027,2293.26,1671.79,2138.91,80.71,1.846,114.66,124.7,1
PUMP-02,PUMP-02-028,2380.55,1920.32,2184.96,78.56,1.852,114.57,94.94,0
PUMP-02,PUMP-02-029,2254.19,1737.28,2051.91,81.3,1.832,111.38,120.36,0
PUMP-02,PUMP-02-030,2300.18,1750.89,2074.56,81.5,1.774,114.18,115.83,0
PUMP-02,PUMP-02-031,2240.42,1651.46,2045.41,78.88,1.897,113.82,107.54,0
PUMP-02,PUMP-02-032,2296.4,1610.21,2125.39,80.88,2.043,112.6,109.5,0
PUMP-02,PUMP-02-033,2250.74,1804.71,2042.85,81.99,1.714,117.95,96.73,0
PUMP-02,PUMP-02-034,2364.52,1727.84,2236.63,79.83,1.781,113.84,107.26,0
PUMP-02,PUMP-02-035,2233.34,1574.11,2018.51,78.62,1.917,112.78,99.04,0
PUMP-02,PUMP-02-036,2360.62,1852.69,2156.03,81.03,2.141,110.82,124.62,0
PUMP-02,PUMP-02-037,2278.36,1693.84,2087.53,79.62,1.903,118.09,120.13,0
PUMP-02,PUMP-02-038,2314.56,1849.12,2154.93,78.99,1.939,113.23,106.12,0
PUMP-02,PUMP-02-039,2372.92,1933.51,2092.71,81.4,1.919,118.15,110.76,0
PUMP-02,PUMP-02-040,2319.02,1853.56,2138.67,81.66,1.932,117.0,91.08,0
PUMP-02,PUMP-02-041,2257.93,1594.13,2039.98,81.32,1.843,111.5,114.72,0
PUMP-02,PUMP-02-042,2317.95,1855.85,2159.99,84.64,2.062,116.41,114.25,0
PUMP-02,PUMP-02-043,2245.01,1760.1,2056.48,80.54,2.026,116.43,106.99,0
PUMP-02,PUMP-02-044,2339.69,1648.14,2177.79,83.26,2.125,119.77,93.54,0
PUMP-02,PUMP-02-045,2338.29,1783.52,2102.67,82.32,2.566,112.84,117.65,0
PUMP-02,PUMP-02-046,2265.07,1892.57,2001.74,81.98,2.251,117.39,98.72,0
PUMP-02,PUMP-02-047,2269.72,1632.73,1989.13,81.99,2.033,116.06,120.45,0
PUMP-02,PUMP-02-048,2221.71,1633.33,2025.63,79.45,2.263,116.87,115.85,0
PUMP-02,PUMP-02-049,2304.25,1838.47,2140.5,85.99,2.177,119.53,100.29,0
PUMP-02,PUMP-02-050,2256.93,1680.47,2066.94,84.84,2.288,115.57,112.42,0
PUMP-02,PUMP-02-051,2311.5,1841.67,2155.93,83.67,2.312,118.3,106.81,0
PUMP-02,PUMP-02-052,2239.7,1802.68,2076.99,83.17,2.326,120.81,99.26,0
PUMP-02,PUMP-02-053,2175.11,1689.94,1988.86,81.83,2.548,116.44,95.83,0
PUMP-02,PUMP-02-054,2277.05,1811.28,2158.33,84.49,2.455,117.11,118.22,0
PUMP-02,PUMP-02-055,2212.75,1774.38,2077.59,85.38,2.297,126.2,114.33,1
PUMP-02,PUMP-02-056,2264.18,1749.71,2050.49,85.44,2.446,120.98,102.72,0
PUMP-02,PUMP-02-057,2271.27,1603.33,2132.25,89.82,1.984,118.55,120.4,0
PUMP-02,PUMP-02-058,2166.23,1699.13,1937.26,87.48,2.439,122.36,119.37,0
PUMP-02,PUMP-02-059,2212.99,1758.92,1990.73,84.79,2.2,123.18,106.15,0
PUMP-02,PUMP-02-060,2272.84,1607.23,2080.3,84.92,2.408,122.83,100.94,0
PUMP-02,PUMP-02-061,2205.21,1623.81,2048.44,86.1,2.285,124.31,96.33,1
PUMP-02,PUMP-02-062,2222.41,1531.21,2038.49,89.1,2.346,121.53,91.13,1
PUMP-02,PUMP-02-063,2214.12,1560.84,2034.82,82.51,2.744,118.81,110.46,0
PUMP-02,PUMP-02-064,2285.98,1865.64,2026.74,86.07,2.312,125.69,104.27,0
PUMP-02,PUMP-02-065,2239.98,1690.06,2014.18,89.42,2.076,118.71,83.08,1
PUMP-02,PUMP-02-066,2171.16,1650.56,1966.7,88.84,2.419,121.3,99.17,0
PUMP-02,PUMP-02-067,2174.44,1588.15,2010.71,86.31,2.319,123.02,82.66,1
PUMP-02,PUMP-02-068,2306.07,1741.37,2073.45,85.71,2.603,119.66,102.5,0
PUMP-02,PUMP-02-069,2229.35,1794.9,2038.76,92.44,2.845,120.36,111.02,0
PUMP-02,PUMP-02-070,2222.42,1786.41,1978.84,92.27,2.281,122.47,105.58,0
PUMP-02,PUMP-02-071,2228.09,1613.15,2069.98,83.59,2.594,123.51,101.84,0
PUMP-02,PUMP-02-072,2239.58,1730.49,1984.19,85.52,2.598,128.74,101.5,0
PUMP-02,PUMP-02-073,2300.75,1628.92,2119.5,90.8,2.439,125.15,94.01,0
PUMP-02,PUMP-02-074,2256.62,1645.47,2030.01,88.59,2.891,123.16,92.82,1
PUMP-02,PUMP-02-075,2209.66,1749.31,2021.14,90.43,2.55,131.57,86.63,1
PUMP-02,PUMP-02-076,2158.48,1574.12,1951.27,93.34,3.06,128.74,103.59,1
PUMP-02,PUMP-02-077,2285.48,1720.01,2119.89,92.84,2.41,123.1,90.17,1
PUMP-02,PUMP-02-078,2229.29,1700.88,2056.65,92.34,2.283,124.28,86.5,1
PUMP-02,PUMP-02-079,2189.97,1634.75,1986.54,85.81,2.381,123.36,113.31,1
PUMP-02,PUMP-02-080,2254.28,1845.09,2052.66,91.66,3.123,126.92,99.17,1
PUMP-02,PUMP-02-081,2249.22,1771.67,2048.42,91.46,3.14,128.82,81.14,1
PUMP-02,PUMP-02-082,2247.43,1654.4,2019.15,92.46,3.134,127.8,110.27,1
PUMP-02,PUMP-02-083,2140.99,1550.47,1963.59,89.52,2.275,122.41,83.42,1
PUMP-02,PUMP-02-084,2260.61,1583.82,2098.58,84.77,2.647,132.92,87.86,1
PUMP-02,PUMP-02-085,2189.08,1727.16,2019.27,89.76,2.909,132.48,104.62,1
PUMP-02,PUMP-02-086,2223.78,1681.54,2058.42,93.03,3.238,132.24,80.58,1
PUMP-02,PUMP-02-087,2194.88,1657.19,2036.74,90.84,2.525,123.95,79.27,1
PUMP-02,PUMP-02-088,2232.83,1716.5,2087.81,95.4,2.603,123.3,81.06,1
PUMP-02,PUMP-02-089,2144.12,1550.36,1968.4,97.43,3.313,132.9,98.76,1
WIRELINE-01,WIRELINE-01-000,2194.64,1561.91,2044.74,86.2,1.051,109.49,129.4,0
WIRELINE-01,WIRELINE-01-001,2191.19,1684.78,1970.48,84.98,0.902,107.6,132.25,0
WIRELINE-01,WIRELINE-01-002,2195.9,1623.9,1998.31,87.87,1.057,107.52,112.44,0
WIRELINE-01,WIRELINE-01-003,2197.74,1494.34,2046.31,87.88,1.1,110.25,120.55,0
WIRELINE-01,WIRELINE-01-004,2241.25,1690.51,2081.18,87.3,1.128,111.19,102.81,0
WIRELINE-01,WIRELINE-01-005,2213.97,1568.43,1993.51,87.52,1.252,111.61,122.52,0
WIRELINE-01,WIRELINE-01-006,2215.55,1540.31,2028.54,86.35,1.097,110.91,100.45,0
WIRELINE-01,WIRELINE-01-007,2183.96,1628.03,1954.13,89.05,1.337,110.24,109.98,0
WIRELINE-01,WIRELINE-01-008,2211.72,1717.51,2000.47,90.11,1.094,112.82,113.22,0
WIRELINE-01,WIRELINE-01-009,2196.05,1643.71,2027.74,90.13,1.159,108.18,102.3,0
WIRELINE-01,WIRELINE-01-010,2158.6,1707.2,1965.86,90.08,1.142,107.88,130.84,0
WIRELINE-01,WIRELINE-01-011,2207.9,1601.19,2006.47,89.4,1.288,111.51,104.02,0
WIRELINE-01,WIRELINE-01-012,2172.03,1544.46,1967.96,90.64,1.238,109.16,104.49,0
WIRELINE-01,WIRELINE-01-013,2276.12,1646.3,2056.83,90.17,1.321,112.06,128.1,0
WIRELINE-01,WIRELINE-01-014,2180.12,1482.1,2028.98,88.19,1.336,110.06,119.01,0
WIRELINE-01,WIRELINE-01-015,2165.56,1546.46,2015.75,90.4,1.13,113.74,128.28,0
WIRELINE-01,WIRELINE-01-016,2176.72,1581.61,1958.24,91.55,1.327,112.9,117.71,0
WIRELINE-01,WIRELINE-01-017,2199.55,1722.96,2026.85,91.8,1.407,112.63,123.21,0
WIRELINE-01,WIRELINE-01-018,2174.6,1725.22,1956.39,89.76,1.294,113.83,117.61,0
WIRELINE-01,WIRELINE-01-019,2210.89,1535.44,1946.02,89.99,1.245,115.55,100.95,0
WIRELINE-01,WIRELINE-01-020,2183.68,1719.51,1981.85,93.21,1.521,113.88,96.9,0
WIRELINE-01,WIRELINE-01-021,2211.68,1650.47,1975.62,90.5,1.24,114.99,113.54,0
WIRELINE-01,WIRELINE-01-022,2176.16,1758.14,1967.61,91.85,1.487,112.99,116.53,0
WIRELINE-01,WIRELINE-01-023,2153.44,1561.97,1989.9,91.88,1.357,114.17,118.68,0
WIRELINE-01,WIRELINE-01-024,2148.6,1737.48,1908.09,92.13,1.541,117.38,113.94,0
WIRELINE-01,WIRELINE-01-025,2232.61,1678.89,2055.41,93.2,1.347,111.74,105.01,0
WIRELINE-01,WIRELINE-01-026,2169.5,1763.46,1953.5,94.39,1.451,115.79,114.44,0
WIRELINE-01,WIRELINE-01-027,2122.87,1655.39,1865.93,91.44,1.378,113.75,124.71,0
WIRELINE-01,WIRELINE-01-028,2178.53,1680.61,1960.55,93.46,1.4,120.14,110.03,0
WIRELINE-01,WIRELINE-01-029,2143.2,1728.06,1944.4,94.95,1.665,110.96,120.97,0
WIRELINE-01,WIRELINE-01-030,2188.31,1598.4,2057.32,93.78,1.393,115.63,122.89,0
WIRELINE-01,WIRELINE-01-031,2125.64,1434.1,1898.53,91.64,1.482,119.81,103.55,0
WIRELINE-01,WIRELINE-01-032,2167.43,1496.87,1955.78,92.94,1.503,116.26,90.06,0
WIRELINE-01,WIRELINE-01-033,2154.41,1489.49,1955.16,96.85,1.757,118.14,123.91,0
WIRELINE-01,WIRELINE-01-034,2182.21,1540.96,1980.93,91.72,1.502,119.92,118.43,0
WIRELINE-01,WIRELINE-01-035,2123.82,1509.54,1881.91,89.57,1.5,118.13,114.23,0
WIRELINE-01,WIRELINE-01-036,2146.47,1465.42,1894.19,96.16,1.893,119.69,96.88,0
WIRELINE-01,WIRELINE-01-037,2113.0,1553.61,1937.47,93.96,1.968,119.41,95.98,0
WIRELINE-01,WIRELINE-01-038,2102.44,1572.28,1863.14,93.46,1.733,118.51,118.11,0
WIRELINE-01,WIRELINE-01-039,2119.12,1555.63,1963.45,95.13,1.787,117.06,116.61,0
WIRELINE-01,WIRELINE-01-040,2126.15,1664.5,1964.57,91.96,1.629,117.73,119.57,0
WIRELINE-01,WIRELINE-01-041,2079.71,1621.5,1825.31,95.02,1.875,118.49,106.27,0
WIRELINE-01,WIRELINE-01-042,2178.08,1634.42,1953.57,92.4,1.553,115.77,114.64,0
WIRELINE-01,WIRELINE-01-043,2117.84,1516.34,1971.05,95.28,2.055,121.91,121.86,0
WIRELINE-01,WIRELINE-01-044,2121.89,1673.96,1869.91,95.15,1.643,119.45,106.61,0
WIRELINE-01,WIRELINE-01-045,2155.51,1688.71,1915.98,95.03,1.686,117.59,100.27,0
WIRELINE-01,WIRELINE-01-046,2078.73,1620.03,1892.49,94.41,1.771,117.21,115.51,0
WIRELINE-01,WIRELINE-01-047,2143.72,1719.4,1920.68,94.15,1.737,121.33,101.69,0
WIRELINE-01,WIRELINE-01-048,2098.73,1542.5,1852.34,98.35,1.898,117.97,117.6,0
WIRELINE-01,WIRELINE-01-049,2078.67,1451.48,1799.53,99.07,2.042,121.62,108.0,0
WIRELINE-01,WIRELINE-01-050,2130.06,1670.73,1882.35,96.24,2.029,121.8,87.9,1
WIRELINE-01,WIRELINE-01-051,2088.26,1612.43,1844.71,94.3,1.749,121.01,124.83,0
WIRELINE-01,WIRELINE-01-052,2059.28,1431.99,1861.51,96.94,1.598,123.2,114.62,0
WIRELINE-01,WIRELINE-01-053,2097.91,1568.65,1931.38,100.05,1.783,120.19,91.4,1
WIRELINE-01,WIRELINE-01-054,2104.97,1691.11,1882.39,97.13,2.068,116.68,115.67,0
WIRELINE-01,WIRELINE-01-055,2101.33,1483.29,1884.79,97.86,2.015,120.47,108.92,0
WIRELINE-01,WIRELINE-01-056,2140.58,1535.27,1900.45,100.91,2.109,118.91,106.11,0
WIRELINE-01,WIRELINE-01-057,2148.02,1631.04,1945.46,100.65,2.266,119.78,114.01,0
WIRELINE-01,WIRELINE-01-058,2137.6,1565.75,1932.65,101.14,2.022,125.6,91.1,1
WIRELINE-01,WIRELINE-01-059,2126.12,1468.27,1851.73,94.63,1.841,124.75,118.33,0
WIRELINE-01,WIRELINE-01-060,2120.65,1655.76,1889.43,99.86,2.076,122.21,93.68,1
WIRELINE-01,WIRELINE-01-061,2104.42,1570.91,1885.3,100.34,2.215,127.3,89.63,1
WIRELINE-01,WIRELINE-01-062,2076.93,1531.69,1873.54,100.37,1.988,120.14,97.04,1
WIRELINE-01,WIRELINE-01-063,2063.6,1405.7,1848.59,95.74,1.84,121.46,114.8,1
WIRELINE-01,WIRELINE-01-064,2073.54,1531.91,1862.71,96.84,2.489,122.91,100.23,0
WIRELINE-01,WIRELINE-01-065,2035.15,1574.29,1800.01,97.65,2.253,120.56,101.6,0
WIRELINE-01,WIRELINE-01-066,2079.33,1695.73,1876.25,104.83,2.644,122.11,110.33,1
WIRELINE-01,WIRELINE-01-067,2122.51,1452.87,1920.33,100.2,2.081,120.78,92.16,1
WIRELINE-01,WIRELINE-01-068,2075.15,1542.08,1891.16,99.76,1.904,130.85,101.57,1
WIRELINE-01,WIRELINE-01-069,2053.03,1555.29,1888.7,101.88,2.453,128.64,100.87,1
WIRELINE-01,WIRELINE-01-070,1995.31,1376.9,1757.37,104.87,2.273,130.75,113.27,1
WIRELINE-01,WIRELINE-01-071,2046.74,1457.36,1830.31,103.42,1.998,123.5,85.5,1
WIRELINE-01,WIRELINE-01-072,2023.84,1561.69,1842.38,103.21,2.556,124.97,98.42,1
WIRELINE-01,WIRELINE-01-073,2081.08,1563.97,1835.22,100.16,2.32,123.65,93.71,1
WIRELINE-01,WIRELINE-01-074,2015.56,1570.57,1801.97,101.08,2.504,130.39,107.25,1
WIRELINE-01,WIRELINE-01-075,2071.28,1509.32,1892.49,97.26,2.307,129.94,94.45,1
WIRELINE-01,WIRELINE-01-076,2104.64,1635.26,1911.45,102.61,2.306,122.38,87.47,1
WIRELINE-01,WIRELINE-01-077,2008.05,1471.3,1750.77,100.86,2.23,125.81,105.96,1
WIRELINE-01,WIRELINE-01-078,2066.79,1472.39,1831.38,108.16,2.292,122.47,102.46,1
WIRELINE-01,WIRELINE-01-079,2094.41,1642.32,1910.01,103.69,1.981,132.59,92.59,1
WIRELINE-01,WIRELINE-01-080,2070.68,1605.6,1839.94,97.51,2.044,132.44,82.99,1
WIRELINE-01,WIRELINE-01-081,2152.38,1564.3,1951.41,105.23,2.081,124.66,103.52,1
WIRELINE-01,WIRELINE-01-082,2150.55,1689.34,1903.37,101.06,2.161,125.96,104.08,1
WIRELINE-01,WIRELINE-01-083,1973.92,1509.15,1747.9,103.9,2.589,133.48,83.72,1
WIRELINE-01,WIRELINE-01-084,2105.3,1677.78,1966.22,108.73,2.547,133.87,103.66,1
WIRELINE-01,WIRELINE-01-085,2083.11,1547.25,1830.22,104.31,2.425,139.15,88.94,1
WIRELINE-01,WIRELINE-01-086,2090.51,1479.88,1924.62,109.75,2.11,134.37,73.11,1
WIRELINE-01,WIRELINE-01-087,2109.84,1572.92,1933.09,100.88,2.163,136.27,93.21,1
WIRELINE-01,WIRELINE-01-088,2026.94,1383.9,1840.23,102.43,2.567,132.2,83.53,1
WIRELINE-01,WIRELINE-01-089,2098.93,1514.02,1889.89,103.92,2.695,124.77,104.79,1
WIRELINE-02,WIRELINE-02-000,2089.3,1523.33,1886.79,80.03,1.448,87.72,108.76,0
WIRELINE-02,WIRELINE-02-001,2090.37,1449.36,1904.57,80.13,1.538,87.95,127.07,0
WIRELINE-02,WIRELINE-02-002,2076.56,1505.09,1907.76,80.65,1.438,88.48,111.1,0
WIRELINE-02,WIRELINE-02-003,2127.9,1685.5,1877.58,79.88,1.303,91.76,104.74,0
WIRELINE-02,WIRELINE-02-004,2098.7,1603.36,1932.5,79.17,1.482,91.06,114.55,0
WIRELINE-02,WIRELINE-02-005,2119.96,1549.91,1906.59,80.62,1.477,92.41,120.22,0
WIRELINE-02,WIRELINE-02-006,2120.68,1616.19,1922.1,80.55,1.471,91.44,134.8,0
WIRELINE-02,WIRELINE-02-007,2063.27,1597.66,1891.19,82.42,1.425,89.43,125.12,0
WIRELINE-02,WIRELINE-02-008,2093.62,1659.36,1878.92,81.49,1.415,89.61,122.45,0
WIRELINE-02,WIRELINE-02-009,2097.98,1514.22,1920.43,81.17,1.566,88.83,97.47,0
WIRELINE-02,WIRELINE-02-010,2114.59,1519.07,1878.82,81.09,1.353,89.28,125.4,0
WIRELINE-02,WIRELINE-02-011,2126.98,1570.72,1875.86,83.31,1.515,91.99,110.73,0
WIRELINE-02,WIRELINE-02-012,2111.1,1490.09,1864.14,82.67,1.599,91.68,131.45,0
WIRELINE-02,WIRELINE-02-013,2094.49,1380.7,1865.3,82.97,1.532,89.94,106.28,0
WIRELINE-02,WIRELINE-02-014,2082.29,1500.75,1890.27,81.87,1.819,93.6,128.92,0
WIRELINE-02,WIRELINE-02-015,2121.87,1636.06,1987.51,83.42,1.717,92.42,124.44,0
WIRELINE-02,WIRELINE-02-016,2121.08,1556.35,1883.11,82.96,1.591,95.57,103.44,0
WIRELINE-02,WIRELINE-02-017,2131.95,1625.52,1954.17,82.37,1.673,97.65,108.58,0
WIRELINE-02,WIRELINE-02-018,2083.43,1479.56,1899.26,83.8,1.367,93.04,118.06,0
WIRELINE-02,WIRELINE-02-019,2075.25,1497.05,1881.45,84.82,1.747,93.26,108.3,0
WIRELINE-02,WIRELINE-02-020,2117.03,1544.64,1959.04,84.63,1.712,95.96,113.91,0
WIRELINE-02,WIRELINE-02-021,2054.61,1548.01,1831.42,85.96,1.661,92.88,99.03,0
WIRELINE-02,WIRELINE-02-022,1992.44,1514.19,1766.17,85.0,1.715,91.18,109.28,0
WIRELINE-02,WIRELINE-02-023,2064.7,1567.94,1866.91,86.35,1.843,93.39,118.76,0
WIRELINE-02,WIRELINE-02-024,2089.43,1432.18,1886.97,82.94,1.776,92.93,121.6,1
WIRELINE-02,WIRELINE-02-025,2028.25,1391.68,1820.88,86.01,1.81,96.11,94.46,0
WIRELINE-02,WIRELINE-02-026,2036.16,1502.52,1860.28,85.71,1.744,94.38,109.77,0
WIRELINE-02,WIRELINE-02-027,2053.85,1457.44,1853.35,85.17,1.93,95.55,103.83,0
WIRELINE-02,WIRELINE-02-028,2051.39,1587.37,1881.98,87.1,1.661,97.21,98.62,1
WIRELINE-02,WIRELINE-02-029,2030.79,1546.53,1789.49,86.05,1.806,94.06,106.01,0
WIRELINE-02,WIRELINE-02-030,2006.81,1557.49,1864.43,86.61,1.748,98.3,113.06,0
WIRELINE-02,WIRELINE-02-031,2030.11,1452.42,1824.88,83.55,1.894,97.04,118.46,0
WIRELINE-02,WIRELINE-02-032,2004.04,1460.58,1737.3,87.16,1.927,96.34,119.15,0
WIRELINE-02,WIRELINE-02-033,1997.72,1377.17,1765.38,86.04,1.902,96.47,120.47,0
WIRELINE-02,WIRELINE-02-034,1992.21,1452.97,1769.95,88.42,2.05,98.74,110.14,0
WIRELINE-02,WIRELINE-02-035,1991.9,1535.31,1765.36,84.56,1.779,96.27,104.16,0
WIRELINE-02,WIRELINE-02-036,1980.36,1402.79,1733.12,87.93,1.738,100.85,124.98,0
WIRELINE-02,WIRELINE-02-037,2017.91,1381.14,1786.79,87.6,1.852,104.75,97.65,0
WIRELINE-02,WIRELINE-02-038,2011.76,1404.98,1844.31,88.76,1.855,96.81,94.66,0
WIRELINE-02,WIRELINE-02-039,2025.38,1492.94,1839.32,89.07,2.086,97.77,114.0,0
WIRELINE-02,WIRELINE-02-040,2010.5,1519.47,1828.52,90.25,1.878,98.58,95.94,0
WIRELINE-02,WIRELINE-02-041,2059.69,1503.3,1853.89,87.82,2.032,102.97,97.48,0
WIRELINE-02,WIRELINE-02-042,2064.2,1524.55,1822.77,90.92,2.268,98.23,105.96,0
WIRELINE-02,WIRELINE-02-043,2032.33,1360.3,1834.31,88.82,1.892,101.72,98.12,0
WIRELINE-02,WIRELINE-02-044,2019.24,1348.65,1856.97,92.29,2.222,101.74,104.33,0
WIRELINE-02,WIRELINE-02-045,2045.0,1456.67,1837.07,87.57,2.216,100.6,109.18,0
WIRELINE-02,WIRELINE-02-046,2106.41,1652.69,1845.85,89.19,2.299,96.21,110.54,0
WIRELINE-02,WIRELINE-02-047,1949.77,1504.56,1814.57,89.61,2.308,100.87,107.29,0
WIRELINE-02,WIRELINE-02-048,2087.87,1555.36,1884.34,89.87,2.419,99.18,93.85,0
WIRELINE-02,WIRELINE-02-049,2006.94,1356.28,1803.96,90.04,1.929,100.71,104.75,0
WIRELINE-02,WIRELINE-02-050,2040.97,1559.07,1830.88,93.32,2.311,100.64,93.14,0
WIRELINE-02,WIRELINE-02-051,1968.44,1532.27,1839.62,90.94,1.934,106.16,108.63,1
WIRELINE-02,WIRELINE-02-052,2001.83,1470.65,1794.8,86.59,2.207,99.47,91.83,0
WIRELINE-02,WIRELINE-02-053,2016.09,1416.73,1860.47,87.93,2.198,103.66,110.79,0
WIRELINE-02,WIRELINE-02-054,2003.78,1597.82,1759.79,89.5,2.212,104.36,97.55,0
WIRELINE-02,WIRELINE-02-055,1935.19,1383.57,1721.36,94.68,2.514,103.36,84.92,1
WIRELINE-02,WIRELINE-02-056,1936.96,1449.47,1797.68,93.49,2.297,104.61,102.59,0
WIRELINE-02,WIRELINE-02-057,2010.37,1500.18,1767.95,89.67,2.658,102.91,100.87,1
WIRELINE-02,WIRELINE-02-058,1908.88,1270.8,1721.15,88.83,2.038,105.49,107.94,0
WIRELINE-02,WIRELINE-02-059,2000.44,1395.57,1833.83,89.84,2.164,105.92,108.56,0
WIRELINE-02,WIRELINE-02-060,1988.94,1330.26,1723.76,93.82,2.543,106.88,108.2,0
WIRELINE-02,WIRELINE-02-061,2061.16,1445.24,1841.83,93.76,2.719,106.14,93.66,1
WIRELINE-02,WIRELINE-02-062,1918.49,1413.27,1723.37,95.41,2.244,101.05,79.95,1
WIRELINE-02,WIRELINE-02-063,2034.66,1389.62,1877.81,93.44,2.151,100.01,103.68,0
WIRELINE-02,WIRELINE-02-064,1947.04,1339.22,1753.61,92.41,2.355,101.56,95.4,0
WIRELINE-02,WIRELINE-02-065,1981.2,1320.83,1811.86,91.37,2.094,102.08,92.81,0
WIRELINE-02,WIRELINE-02-066,2019.36,1610.41,1869.12,91.3,2.701,106.88,114.81,1
WIRELINE-02,WIRELINE-02-067,2002.79,1535.31,1818.06,90.16,2.244,99.43,122.21,0
WIRELINE-02,WIRELINE-02-068,2056.7,1514.12,1898.34,97.65,2.412,102.85,84.85,1
WIRELINE-02,WIRELINE-02-069,1927.97,1337.5,1724.57,95.2,2.296,107.42,96.05,1
WIRELINE-02,WIRELINE-02-070,1960.1,1313.07,1797.07,93.67,2.29,103.01,112.42,0
WIRELINE-02,WIRELINE-02-071,1913.29,1369.81,1689.27,97.26,2.341,105.47,81.56,1
WIRELINE-02,WIRELINE-02-072,1981.79,1458.13,1830.47,91.6,2.527,103.45,98.95,0
WIRELINE-02,WIRELINE-02-073,1975.78,1349.67,1829.11,91.1,2.321,112.55,97.94,0
WIRELINE-02,WIRELINE-02-074,1978.04,1414.08,1749.39,99.14,2.507,111.8,78.89,1
WIRELINE-02,WIRELINE-02-075,1932.42,1374.45,1703.43,95.56,2.627,102.59,109.02,1
WIRELINE-02,WIRELINE-02-076,1934.77,1427.35,1714.06,93.68,2.78,115.83,96.79,1
WIRELINE-02,WIRELINE-02-077,1953.0,1335.2,1743.67,92.06,2.557,101.58,101.64,1
WIRELINE-02,WIRELINE-02-078,1987.32,1490.58,1802.91,91.28,2.325,105.22,109.53,1
WIRELINE-02,WIRELINE-02-079,1932.84,1274.09,1695.74,91.62,2.257,111.52,97.24,1
WIRELINE-02,WIRELINE-02-080,1918.92,1508.99,1744.85,96.77,2.782,108.47,108.29,1
WIRELINE-02,WIRELINE-02-081,2010.68,1571.11,1814.65,93.03,3.184,112.77,103.8,1
WIRELINE-02,WIRELINE-02-082,1893.79,1434.42,1651.36,101.28,3.031,105.61,71.96,1
WIRELINE-02,WIRELINE-02-083,1861.73,1443.44,1653.82,102.0,2.981,106.98,108.39,1
WIRELINE-02,WIRELINE-02-084,1925.48,1493.23,1692.39,100.18,3.071,105.1,78.15,1
WIRELINE-02,WIRELINE-02-085,1882.94,1319.86,1652.69,93.08,2.516,115.72,94.07,1
WIRELINE-02,WIRELINE-02-086,1926.66,1347.89,1725.97,99.61,2.582,115.22,98.68,1
WIRELINE-02,WIRELINE-02-087,1880.23,1282.13,1699.73,91.63,3.1,114.93,100.37,1
WIRELINE-02,WIRELINE-02-088,1879.9,1329.55,1688.9,92.94,3.007,111.09,87.88,1
WIRELINE-02,WIRELINE-02-089,1872.5,1294.53,1689.62,97.25,3.209,117.59,98.58,1
GENSET-01,GENSET-01-000,2246.69,1530.32,2093.96,79.63,1.319,96.64,104.14,0
GENSET-01,GENSET-01-001,2335.44,1646.67,2191.88,79.83,1.257,92.28,120.8,0
GENSET-01,GENSET-01-002,2375.82,1706.2,2160.61,80.66,1.121,96.71,110.85,0
GENSET-01,GENSET-01-003,2229.08,1656.6,1982.21,79.23,1.234,96.21,107.94,0
GENSET-01,GENSET-01-004,2360.39,1904.47,2118.44,80.1,1.407,100.96,129.78,0
GENSET-01,GENSET-01-005,2350.27,1647.4,2200.32,79.78,1.378,98.63,120.13,1
GENSET-01,GENSET-01-006,2342.53,1796.3,2129.39,80.43,1.417,95.18,115.17,0
GENSET-01,GENSET-01-007,2334.41,1857.84,2152.07,80.09,1.401,96.92,109.76,0
GENSET-01,GENSET-01-008,2293.71,1700.29,2105.98,82.52,1.317,96.71,112.8,0
GENSET-01,GENSET-01-009,2326.68,1837.27,2104.91,81.9,1.457,96.13,127.9,0
GENSET-01,GENSET-01-010,2428.49,1813.72,2264.5,82.4,1.382,98.51,128.13,0
GENSET-01,GENSET-01-011,2394.95,1950.48,2224.77,83.0,1.465,99.19,131.37,0
GENSET-01,GENSET-01-012,2343.25,1855.37,2156.5,81.84,1.436,98.38,128.21,0
GENSET-01,GENSET-01-013,2320.56,1881.9,2098.13,82.66,1.444,99.49,110.12,1
GENSET-01,GENSET-01-014,2278.35,1814.59,2037.76,82.6,1.438,96.08,96.32,0
GENSET-01,GENSET-01-015,2351.91,1925.65,2133.63,82.65,1.53,95.09,115.18,0
GENSET-01,GENSET-01-016,2297.51,1847.77,2104.88,83.62,1.38,101.04,113.35,0
GENSET-01,GENSET-01-017,2312.27,1876.15,2084.51,81.89,1.392,100.97,103.46,1
GENSET-01,GENSET-01-018,2322.28,1731.9,2145.48,81.47,1.451,101.62,119.03,0
GENSET-01,GENSET-01-019,2280.23,1676.37,2065.0,82.95,1.542,98.67,117.89,0
GENSET-01,GENSET-01-020,2330.6,1823.75,2167.02,82.54,1.718,96.0,121.81,0
GENSET-01,GENSET-01-021,2343.12,1907.69,2100.4,82.67,1.634,101.45,109.15,0
GENSET-01,GENSET-01-022,2279.79,1863.86,2107.86,81.78,1.671,102.33,111.06,0
GENSET-01,GENSET-01-023,2386.43,1812.62,2103.52,84.56,1.501,96.33,122.69,0
GENSET-01,GENSET-01-024,2283.02,1845.02,2017.25,84.66,1.674,99.42,115.88,0
GENSET-01,GENSET-01-025,2359.11,1703.67,2192.62,86.02,1.775,106.46,106.38,0
GENSET-01,GENSET-01-026,2282.21,1819.84,2055.87,85.53,1.503,101.63,121.81,0
GENSET-01,GENSET-01-027,2331.98,1725.0,2181.79,83.83,1.849,101.04,119.52,0
GENSET-01,GENSET-01-028,2361.36,1874.74,2110.93,84.72,1.562,106.25,116.42,0
GENSET-01,GENSET-01-029,2244.68,1647.36,2038.83,84.16,1.771,106.53,109.27,0
GENSET-01,GENSET-01-030,2297.53,1799.39,2022.62,85.08,1.559,104.9,108.38,0
GENSET-01,GENSET-01-031,2255.04,1698.25,2030.59,83.98,1.913,105.72,108.36,0
GENSET-01,GENSET-01-032,2259.95,1786.79,2054.6,88.88,1.857,103.55,114.23,0
GENSET-01,GENSET-01-033,2335.72,1755.52,2095.9,87.5,1.703,101.67,108.22,0
GENSET-01,GENSET-01-034,2282.44,1851.06,2099.8,86.43,1.578,104.68,113.59,0
GENSET-01,GENSET-01-035,2285.72,1846.68,2083.19,85.16,1.879,104.37,103.05,0
GENSET-01,GENSET-01-036,2181.85,1559.54,2011.26,87.44,1.868,108.02,113.55,0
GENSET-01,GENSET-01-037,2199.81,1671.6,2048.62,86.93,1.727,103.44,115.43,0
GENSET-01,GENSET-01-038,2221.4,1773.44,2051.21,87.61,1.636,106.49,99.72,0
GENSET-01,GENSET-01-039,2378.23,1810.77,2232.17,89.39,1.88,106.52,88.67,0
GENSET-01,GENSET-01-040,2214.78,1758.01,2006.81,87.8,1.974,107.21,97.62,0
GENSET-01,GENSET-01-041,2324.5,1874.3,2069.77,90.05,2.073,105.76,89.76,0
GENSET-01,GENSET-01-042,2251.51,1641.94,2084.64,86.96,2.088,107.48,108.49,0
GENSET-01,GENSET-01-043,2269.49,1715.45,2103.44,88.88,1.89,101.62,98.95,1
GENSET-01,GENSET-01-044,2243.43,1678.76,2017.0,88.43,2.246,103.85,110.64,0
GENSET-01,GENSET-01-045,2292.72,1554.56,2085.48,90.44,2.09,107.73,111.06,0
GENSET-01,GENSET-01-046,2329.38,1890.33,2179.52,86.34,2.027,105.71,99.55,0
GENSET-01,GENSET-01-047,2326.95,1829.49,2146.55,88.06,1.897,103.54,107.4,0
GENSET-01,GENSET-01-048,2189.88,1766.37,1973.28,90.07,2.186,104.2,103.89,0
GENSET-01,GENSET-01-049,2217.46,1556.81,2008.67,86.11,1.963,103.6,98.06,0
GENSET-01,GENSET-01-050,2257.31,1744.57,2056.39,92.14,1.942,110.5,99.17,0
GENSET-01,GENSET-01-051,2236.38,1573.33,2053.79,91.68,1.831,108.52,117.29,0
GENSET-01,GENSET-01-052,2146.49,1610.57,1906.2,92.99,1.867,108.87,89.4,1
GENSET-01,GENSET-01-053,2232.58,1523.54,1990.2,88.33,2.015,110.78,102.33,0
GENSET-01,GENSET-01-054,2155.68,1626.12,1935.66,89.02,1.966,106.98,122.52,0
GENSET-01,GENSET-01-055,2169.11,1563.66,1945.43,89.0,2.171,105.98,91.15,0
GENSET-01,GENSET-01-056,2244.89,1642.75,2009.05,93.93,1.859,108.57,97.37,0
GENSET-01,GENSET-01-057,2226.84,1617.36,2059.84,94.35,2.298,109.75,85.15,1
GENSET-01,GENSET-01-058,2224.85,1590.58,2018.8,95.16,2.335,110.56,94.67,0
GENSET-01,GENSET-01-059,2242.99,1720.26,2025.99,92.22,2.448,110.46,107.19,0
GENSET-01,GENSET-01-060,2188.38,1656.36,1943.45,91.81,2.277,110.38,86.7,1
GENSET-01,GENSET-01-061,2185.16,1605.41,1997.46,95.43,1.945,110.46,107.95,0
GENSET-01,GENSET-01-062,2316.39,1630.1,2123.2,91.34,2.186,111.95,94.58,0
GENSET-01,GENSET-01-063,2269.72,1784.41,2125.62,91.31,2.27,107.88,105.47,0
GENSET-01,GENSET-01-064,2303.89,1840.79,2156.92,88.34,2.595,115.44,79.55,1
GENSET-01,GENSET-01-065,2205.09,1654.59,1977.11,91.48,2.315,118.11,104.23,0
GENSET-01,GENSET-01-066,2228.99,1763.44,1971.85,93.48,2.426,116.19,120.92,0
GENSET-01,GENSET-01-067,2191.49,1655.99,1976.31,94.36,2.477,116.23,106.73,0
GENSET-01,GENSET-01-068,2288.91,1681.85,2017.09,98.46,2.568,111.78,86.01,1
GENSET-01,GENSET-01-069,2215.41,1646.42,1985.2,93.82,2.443,112.83,104.13,1
GENSET-01,GENSET-01-070,2258.23,1808.32,2006.53,91.81,2.257,114.48,104.84,0
GENSET-01,GENSET-01-071,2218.65,1597.63,2073.72,95.57,2.55,113.89,76.29,1
GENSET-01,GENSET-01-072,2057.4,1580.47,1891.82,92.4,2.292,107.64,102.56,0
GENSET-01,GENSET-01-073,2129.79,1471.93,1898.38,93.48,1.969,109.92,84.89,1
GENSET-01,GENSET-01-074,2177.56,1728.07,1929.86,94.23,2.467,120.88,100.72,1
GENSET-01,GENSET-01-075,2125.37,1511.13,1936.31,94.23,2.217,116.14,105.11,1
GENSET-01,GENSET-01-076,2166.88,1568.76,2007.23,96.96,2.122,116.14,93.21,1
GENSET-01,GENSET-01-077,2259.57,1657.16,2068.45,96.05,2.646,111.22,100.8,1
GENSET-01,GENSET-01-078,2165.4,1671.61,1973.54,96.2,3.05,118.39,106.4,1
GENSET-01,GENSET-01-079,2197.62,1679.17,1997.34,99.92,2.531,114.29,108.56,1
GENSET-01,GENSET-01-080,2224.74,1695.64,1973.23,101.62,2.923,113.9,99.37,1
GENSET-01,GENSET-01-081,2221.62,1601.76,2008.66,95.51,2.276,114.67,95.61,1
GENSET-01,GENSET-01-082,2184.03,1544.52,2021.62,90.2,2.482,120.13,88.28,1
GENSET-01,GENSET-01-083,2134.82,1516.57,1921.13,98.14,2.658,118.66,71.09,1
GENSET-01,GENSET-01-084,2149.63,1497.16,1904.24,94.29,2.72,116.0,88.26,1
GENSET-01,GENSET-01-085,2130.42,1680.75,1931.69,99.0,2.689,112.34,94.4,1
GENSET-01,GENSET-01-086,2142.33,1504.03,1920.21,97.21,2.599,120.57,95.8,1
GENSET-01,GENSET-01-087,2123.7,1559.38,1902.31,96.6,2.698,122.05,83.09,1
GENSET-01,GENSET-01-088,2143.1,1530.7,1929.52,92.69,3.013,120.36,88.03,1
GENSET-01,GENSET-01-089,2165.35,1548.72,1918.63,99.14,3.06,116.34,101.32,1
GENSET-02,GENSET-02-000,2417.55,1902.64,2178.23,87.73,1.529,100.49,116.32,0
GENSET-02,GENSET-02-001,2412.29,1940.66,2235.32,88.38,1.553,102.36,115.04,0
GENSET-02,GENSET-02-002,2448.72,1985.13,2268.43,88.33,1.615,103.27,104.95,0
GENSET-02,GENSET-02-003,2406.81,1768.64,2247.2,88.34,1.614,102.52,105.95,0
GENSET-02,GENSET-02-004,2383.14,1870.9,2195.05,89.66,1.553,101.97,135.09,0
GENSET-02,GENSET-02-005,2384.1,1732.4,2178.08,87.14,1.662,101.6,135.14,0
GENSET-02,GENSET-02-006,2387.07,1794.74,2216.44,88.93,1.646,104.19,124.51,0
GENSET-02,GENSET-02-007,2379.22,1711.81,2155.77,87.67,1.663,98.59,126.65,0
GENSET-02,GENSET-02-008,2411.54,1795.4,2262.53,88.02,1.638,101.08,120.8,0
GENSET-02,GENSET-02-009,2370.96,1915.12,2185.22,89.96,1.734,105.02,101.62,0
GENSET-02,GENSET-02-010,2471.49,1960.51,2272.73,91.5,1.751,105.2,112.69,1
GENSET-02,GENSET-02-011,2399.45,1714.95,2137.72,88.92,1.775,103.58,110.24,0
GENSET-02,GENSET-02-012,2358.53,1809.91,2152.28,88.55,1.676,99.77,101.55,1
GENSET-02,GENSET-02-013,2373.34,1873.36,2134.53,89.79,1.814,106.74,109.37,0
GENSET-02,GENSET-02-014,2407.34,1744.93,2165.87,91.44,1.832,101.02,116.5,0
GENSET-02,GENSET-02-015,2411.07,1878.78,2164.02,90.91,1.755,107.04,126.58,0
GENSET-02,GENSET-02-016,2379.21,1904.49,2209.72,89.87,1.797,108.32,129.94,0
GENSET-02,GENSET-02-017,2387.24,1783.79,2192.32,91.12,1.615,105.77,119.89,0
GENSET-02,GENSET-02-018,2381.79,1696.9,2143.91,91.88,1.759,104.87,106.43,0
GENSET-02,GENSET-02-019,2430.11,1872.28,2270.07,92.18,1.898,107.93,110.97,0
GENSET-02,GENSET-02-020,2442.78,1865.93,2206.53,92.69,1.717,109.81,97.45,0
GENSET-02,GENSET-02-021,2388.8,1979.23,2166.84,90.41,1.964,104.58,122.71,0
GENSET-02,GENSET-02-022,2412.5,1784.05,2248.45,93.44,2.11,105.67,108.9,0
GENSET-02,GENSET-02-023,2388.86,1707.15,2132.22,91.78,2.058,110.45,108.93,0
GENSET-02,GENSET-02-024,2349.4,1816.06,2140.61,91.9,1.752,110.37,111.55,0
GENSET-02,GENSET-02-025,2390.25,1746.29,2169.62,92.99,2.07,105.79,126.71,0
GENSET-02,GENSET-02-026,2361.11,1885.94,2178.84,90.99,1.871,105.77,112.25,0
GENSET-02,GENSET-02-027,2395.45,1744.18,2208.68,94.24,2.07,107.64,123.54,0
GENSET-02,GENSET-02-028,2358.12,1970.72,2182.88,92.87,1.684,110.31,117.11,0
GENSET-02,GENSET-02-029,2396.86,1899.13,2222.12,91.92,2.259,108.63,126.29,0
GENSET-02,GENSET-02-030,2337.7,1687.9,2175.57,93.04,2.054,108.21,120.27,0
GENSET-02,GENSET-02-031,2366.22,1888.75,2178.35,93.87,2.133,106.61,109.6,0
GENSET-02,GENSET-02-032,2355.53,1853.93,2136.91,94.72,2.21,107.23,117.23,0
GENSET-02,GENSET-02-033,2361.12,1870.03,2167.78,93.4,1.963,109.64,114.48,0
GENSET-02,GENSET-02-034,2395.28,1965.83,2238.63,96.63,2.122,108.96,109.99,0
GENSET-02,GENSET-02-035,2294.71,1679.04,2044.09,92.33,2.208,106.59,94.73,0
GENSET-02,GENSET-02-036,2368.23,1911.59,2172.43,92.94,2.068,110.42,89.15,1
GENSET-02,GENSET-02-037,2390.45,1843.62,2233.18,95.06,2.358,111.26,119.9,0
GENSET-02,GENSET-02-038,2295.25,1851.83,2096.43,94.52,2.068,108.62,116.5,0
GENSET-02,GENSET-02-039,2326.73,1845.0,2089.75,95.22,1.882,107.24,95.06,1
GENSET-02,GENSET-02-040,2370.88,1898.08,2121.05,96.32,2.376,107.69,96.54,1
GENSET-02,GENSET-02-041,2353.83,1925.55,2088.15,100.24,2.392,108.7,119.81,0
GENSET-02,GENSET-02-042,2288.44,1661.13,2056.23,98.47,2.421,112.15,123.87,0
GENSET-02,GENSET-02-043,2333.83,1706.82,2084.7,97.51,2.17,115.11,103.63,0
GENSET-02,GENSET-02-044,2357.53,1897.79,2193.12,95.01,2.239,112.02,107.13,0
GENSET-02,GENSET-02-045,2256.27,1731.28,2022.84,96.04,2.263,111.51,100.23,0
GENSET-02,GENSET-02-046,2303.95,1673.62,2073.83,99.32,2.36,114.69,96.56,1
GENSET-02,GENSET-02-047,2338.3,1653.1,2117.41,99.65,2.286,110.71,99.81,1
GENSET-02,GENSET-02-048,2378.2,1735.67,2233.93,99.69,2.143,111.89,93.73,1
GENSET-02,GENSET-02-049,2375.29,1880.36,2154.39,100.81,2.614,112.66,88.17,1
GENSET-02,GENSET-02-050,2356.92,1841.44,2127.35,96.57,2.409,115.77,107.0,0
GENSET-02,GENSET-02-051,2310.43,1673.88,2125.48,100.22,2.413,112.84,83.43,1
GENSET-02,GENSET-02-052,2304.78,1857.18,2107.66,95.43,2.267,115.18,113.07,0
GENSET-02,GENSET-02-053,2383.46,1782.05,2149.77,96.9,2.402,113.76,93.68,1
GENSET-02,GENSET-02-054,2341.57,1722.94,2189.94,101.22,2.411,116.3,119.18,0
GENSET-02,GENSET-02-055,2314.74,1869.8,2145.35,99.83,2.633,119.39,120.39,0
GENSET-02,GENSET-02-056,2337.42,1798.56,2202.99,97.7,2.458,118.05,104.98,0
GENSET-02,GENSET-02-057,2280.3,1710.93,2105.36,102.39,2.778,113.55,103.38,1
GENSET-02,GENSET-02-058,2233.17,1778.92,2078.35,97.68,2.613,114.99,87.76,1
GENSET-02,GENSET-02-059,2284.14,1850.65,2037.16,96.62,2.896,114.38,113.9,0
GENSET-02,GENSET-02-060,2359.89,1727.21,2192.89,98.98,2.362,118.59,105.36,0
GENSET-02,GENSET-02-061,2328.76,1874.08,2129.9,104.37,2.401,116.33,101.7,1
GENSET-02,GENSET-02-062,2347.32,1672.27,2154.81,99.63,2.436,114.71,96.89,1
GENSET-02,GENSET-02-063,2233.06,1788.66,2033.48,99.83,2.774,116.83,102.86,1
GENSET-02,GENSET-02-064,2381.06,1825.69,2172.73,100.91,2.751,114.54,98.2,1
GENSET-02,GENSET-02-065,2239.31,1790.16,2061.8,103.16,2.363,115.46,101.62,1
GENSET-02,GENSET-02-066,2275.05,1701.91,2035.27,97.96,2.391,116.08,99.7,1
GENSET-02,GENSET-02-067,2244.08,1665.14,2053.26,97.92,2.431,126.47,82.55,1
GENSET-02,GENSET-02-068,2223.2,1725.98,1962.64,101.58,2.988,120.46,104.7,1
GENSET-02,GENSET-02-069,2265.76,1652.65,2091.65,104.36,2.304,118.61,109.93,1
GENSET-02,GENSET-02-070,2239.19,1585.7,1987.45,105.4,2.393,121.71,95.21,1
GENSET-02,GENSET-02-071,2234.13,1749.51,1976.35,97.15,2.722,126.63,101.23,1
GENSET-02,GENSET-02-072,2302.5,1757.44,2113.9,103.41,2.775,118.48,94.75,1
GENSET-02,GENSET-02-073,2229.83,1583.03,1976.82,98.21,2.532,124.35,81.49,1
GENSET-02,GENSET-02-074,2232.33,1798.03,2015.91,99.63,2.859,120.69,103.73,1
GENSET-02,GENSET-02-075,2282.61,1731.47,2094.91,101.29,2.605,120.85,113.47,1
GENSET-02,GENSET-02-076,2191.17,1635.11,2053.41,105.07,3.065,122.78,88.34,1
GENSET-02,GENSET-02-077,2184.19,1613.13,1924.88,101.33,2.817,122.82,112.45,1
GENSET-02,GENSET-02-078,2188.05,1636.83,1950.51,102.31,2.508,118.28,106.38,1
GENSET-02,GENSET-02-079,2196.12,1823.72,2004.87,102.24,2.873,118.88,93.11,1
GENSET-02,GENSET-02-080,2262.15,1725.78,2114.07,104.44,2.625,123.76,108.32,1
GENSET-02,GENSET-02-081,2249.13,1684.07,2012.07,100.31,3.155,125.04,94.91,1
GENSET-02,GENSET-02-082,2297.38,1744.13,2103.15,99.34,3.185,127.8,97.91,1
GENSET-02,GENSET-02-083,2227.66,1779.83,2017.36,110.35,2.533,121.89,102.41,1
GENSET-02,GENSET-02-084,2199.76,1511.7,1969.54,103.25,2.785,121.25,98.24,1
GENSET-02,GENSET-02-085,2195.96,1600.72,1982.1,101.0,2.784,126.73,110.28,1
GENSET-02,GENSET-02-086,2196.89,1656.46,2014.33,108.59,2.789,120.7,83.54,1
GENSET-02,GENSET-02-087,2165.88,1704.46,1936.6,104.09,2.99,115.89,81.6,1
GENSET-02,GENSET-02-088,2191.11,1677.53,2024.42,103.11,2.663,127.35,99.26,1
GENSET-02,GENSET-02-089,2267.46,1689.37,2086.14,103.71,2.884,126.11,100.79,1
